{"cameraMode":{"drawMode":0,"name":"Shaded","section":"Shading Mode"},"sceneLighting":false,"audioPlay":false,"sceneViewState":{"showFog":true,"showMaterialUpdate":false,"showSkybox":true,"showFlares":true,"showImageEffects":true,"showParticleSystems":true},"in2DMode":false,"pivot":{"x":0.16295021772384644,"y":-0.0585455447435379,"z":-0.19921749830245973},"rotation":{"x":-0.39179912209510805,"y":0.5097410678863525,"z":0.2800864279270172,"w":0.7128878235816956},"size":2.4259631633758547,"orthographic":false}