{"cameraMode":{"drawMode":0,"name":"Shaded","section":"Shading Mode"},"sceneLighting":false,"audioPlay":false,"sceneViewState":{"showFog":true,"showMaterialUpdate":false,"showSkybox":true,"showFlares":true,"showImageEffects":true,"showParticleSystems":true},"in2DMode":false,"pivot":{"x":-0.2714162766933441,"y":0.040092308074235919,"z":0.007642596960067749},"rotation":{"x":0.3015790283679962,"y":-0.6361057758331299,"z":0.2974439859390259,"w":0.6449392437934876},"size":35.73127365112305,"orthographic":false}