{"cameraMode":{"drawMode":0,"name":"Shaded","section":"Shading Mode"},"sceneLighting":true,"audioPlay":false,"sceneViewState":{"showFog":true,"showMaterialUpdate":false,"showSkybox":true,"showFlares":true,"showImageEffects":true,"showParticleSystems":true},"in2DMode":false,"pivot":{"x":-0.2424156665802002,"y":0.26979684829711916,"z":-0.4142104387283325},"rotation":{"x":-0.5362779498100281,"y":0.13319748640060426,"z":0.08616597950458527,"w":0.8289993405342102},"size":43.98125457763672,"orthographic":false}