{"cameraMode":{"drawMode":0,"name":"Shaded","section":"Shading Mode"},"sceneLighting":false,"audioPlay":false,"sceneViewState":{"showFog":true,"showMaterialUpdate":false,"showSkybox":true,"showFlares":true,"showImageEffects":true,"showParticleSystems":true},"in2DMode":false,"pivot":{"x":1.262350082397461,"y":0.1635587215423584,"z":-0.24202299118041993},"rotation":{"x":0.008091059513390065,"y":0.9737579822540283,"z":-0.22472433745861054,"w":0.03505683317780495},"size":2.4259631633758547,"orthographic":false}